kind,symbol,file,line,build_constraint,signature
cpu,EmitActMul,jit/cpu/act.go,19,amd64,func EmitActMul(k ActKind) []byte
cpu,EmitSigmoidMul,jit/cpu/act.go,24,amd64,func EmitSigmoidMul() []byte
cpu,EmitAct,jit/cpu/act.go,29,amd64,func EmitAct(k ActKind) []byte
cpu,EmitArgmax,jit/cpu/argmax.go,62,amd64,func EmitArgmax() []byte
cpu,EmitArgmax,jit/cpu/argmax_other.go,23,!amd64 && !arm64,func EmitArgmax() []byte
cpu,EmitAttnScores,jit/cpu/attn.go,20,amd64,"func EmitAttnScores(hd, kvStride int, f16 bool) ([]byte, error)"
cpu,EmitAttnAcc,jit/cpu/attn.go,79,amd64,"func EmitAttnAcc(hd, kvStride int, f16 bool) ([]byte, error)"
cpu,EmitAttnAccInto,jit/cpu/attn.go,91,amd64,"func EmitAttnAccInto(hd, kvStride int, f16 bool) ([]byte, error)"
cpu,EmitAttnScores2,jit/cpu/attn.go,187,amd64,"func EmitAttnScores2(hd, kvStride int, f16 bool) ([]byte, error)"
cpu,EmitAttnAcc2,jit/cpu/attn.go,268,amd64,"func EmitAttnAcc2(hd, kvStride int, f16 bool) ([]byte, error)"
cpu,EmitAttnAcc2Into,jit/cpu/attn.go,275,amd64,"func EmitAttnAcc2Into(hd, kvStride int, f16 bool) ([]byte, error)"
cpu,EmitAttnScoresTiled,jit/cpu/attn.go,413,amd64,"func EmitAttnScoresTiled(hd, kvStride, qStride, scoreStride, qt int, f16 bool) ([]byte, error)"
cpu,EmitAttnScores,jit/cpu/attn_a64.go,16,arm64,"func EmitAttnScores(hd, kvStride int, f16 bool) ([]byte, error)"
cpu,EmitAttnAcc,jit/cpu/attn_a64.go,74,arm64,"func EmitAttnAcc(hd, kvStride int, f16 bool) ([]byte, error)"
cpu,EmitAttnAccInto,jit/cpu/attn_a64.go,80,arm64,"func EmitAttnAccInto(hd, kvStride int, f16 bool) ([]byte, error)"
cpu,EmitAttnScores2,jit/cpu/attn_a64.go,164,arm64,"func EmitAttnScores2(hd, kvStride int, f16 bool) ([]byte, error)"
cpu,EmitAttnAcc2,jit/cpu/attn_a64.go,235,arm64,"func EmitAttnAcc2(hd, kvStride int, f16 bool) ([]byte, error)"
cpu,EmitAttnAcc2Into,jit/cpu/attn_a64.go,241,arm64,"func EmitAttnAcc2Into(hd, kvStride int, f16 bool) ([]byte, error)"
cpu,EmitAttnScoresTiled,jit/cpu/attn_a64.go,363,arm64,"func EmitAttnScoresTiled(hd, kvStride, qStride, scoreStride, qt int, f16 bool) ([]byte, error)"
cpu,EmitAttnScores,jit/cpu/attn_stub.go,10,!amd64 && !arm64,"func EmitAttnScores(hd, kvStride int, f16 bool) ([]byte, error)"
cpu,EmitAttnAcc,jit/cpu/attn_stub.go,14,!amd64 && !arm64,"func EmitAttnAcc(hd, kvStride int, f16 bool) ([]byte, error)"
cpu,EmitAttnAccInto,jit/cpu/attn_stub.go,18,!amd64 && !arm64,"func EmitAttnAccInto(hd, kvStride int, f16 bool) ([]byte, error)"
cpu,EmitRoPE,jit/cpu/attn_stub.go,23,!amd64 && !arm64,"func EmitRoPE(hd, nrot int, neox bool) ([]byte, error)"
cpu,EmitAxpy,jit/cpu/axpy.go,19,amd64,func EmitAxpy() []byte
cpu,EmitScale,jit/cpu/axpy.go,47,amd64,func EmitScale() []byte
cpu,EmitSoftcap,jit/cpu/axpy.go,76,amd64,func EmitSoftcap() []byte
cpu,EmitClamp,jit/cpu/axpy.go,116,amd64,func EmitClamp() []byte
cpu,EmitConv1d,jit/cpu/conv.go,27,amd64,"func EmitConv1d(taps, chans int) ([]byte, error)"
cpu,EmitConv1d,jit/cpu/conv_a64.go,12,arm64,"func EmitConv1d(taps, chans int) ([]byte, error)"
cpu,EmitGatedDelta,jit/cpu/delta.go,41,amd64,"func EmitGatedDelta(n int) ([]byte, error)"
cpu,EmitGatedDeltaChan,jit/cpu/delta.go,50,amd64,"func EmitGatedDeltaChan(n int) ([]byte, error)"
cpu,EmitGatedDelta,jit/cpu/delta_a64.go,11,arm64,"func EmitGatedDelta(n int) ([]byte, error)"
cpu,EmitGatedDeltaChan,jit/cpu/delta_a64.go,15,arm64,"func EmitGatedDeltaChan(n int) ([]byte, error)"
cpu,EmitGatedDeltaChan,jit/cpu/delta_stub.go,9,!amd64 && !arm64,"func EmitGatedDeltaChan(n int) ([]byte, error)"
cpu,EmitGatedDelta,jit/cpu/delta_stub.go,13,!amd64 && !arm64,"func EmitGatedDelta(n int) ([]byte, error)"
cpu,EmitConv1d,jit/cpu/delta_stub.go,17,!amd64 && !arm64,"func EmitConv1d(taps, chans int) ([]byte, error)"
cpu,EmitDeltaGate,jit/cpu/delta_stub.go,21,!amd64 && !arm64,func EmitDeltaGate() []byte
cpu,EmitA64RMSNorm,jit/cpu/elem_a64.go,68,arm64,func EmitA64RMSNorm(n int) []byte
cpu,EmitA64Softmax,jit/cpu/elem_a64.go,167,arm64,func EmitA64Softmax() []byte
cpu,EmitA64ActMul,jit/cpu/elem_a64.go,235,arm64,func EmitA64ActMul(k ActKind) []byte
cpu,EmitA64SigmoidMul,jit/cpu/elem_a64.go,240,arm64,func EmitA64SigmoidMul() []byte
cpu,EmitA64Act,jit/cpu/elem_a64.go,244,arm64,func EmitA64Act(k ActKind) []byte
cpu,EmitRMSNorm,jit/cpu/elem_a64.go,384,arm64,func EmitRMSNorm(n int) []byte
cpu,EmitSoftmax,jit/cpu/elem_a64.go,385,arm64,func EmitSoftmax() []byte
cpu,EmitActMul,jit/cpu/elem_a64.go,386,arm64,func EmitActMul(k ActKind) []byte
cpu,EmitAct,jit/cpu/elem_a64.go,387,arm64,func EmitAct(k ActKind) []byte
cpu,EmitSigmoidMul,jit/cpu/elem_a64.go,388,arm64,func EmitSigmoidMul() []byte
cpu,EmitLayerNorm,jit/cpu/elem_a64.go,390,arm64,"func EmitLayerNorm(n int, bias bool) []byte"
cpu,EmitAxpy,jit/cpu/elem_a64.go,391,arm64,func EmitAxpy() []byte
cpu,EmitScale,jit/cpu/elem_a64.go,392,arm64,func EmitScale() []byte
cpu,EmitSoftcap,jit/cpu/elem_a64.go,393,arm64,func EmitSoftcap() []byte
cpu,EmitClamp,jit/cpu/elem_a64.go,394,arm64,func EmitClamp() []byte
cpu,EmitA64LayerNorm,jit/cpu/elem_a64.go,407,arm64,"func EmitA64LayerNorm(n int, bias bool) []byte"
cpu,EmitA64Axpy,jit/cpu/elem_a64.go,539,arm64,func EmitA64Axpy() []byte
cpu,EmitA64Scale,jit/cpu/elem_a64.go,562,arm64,func EmitA64Scale() []byte
cpu,EmitA64Clamp,jit/cpu/elem_a64.go,582,arm64,func EmitA64Clamp() []byte
cpu,EmitA64Softcap,jit/cpu/elem_a64.go,605,arm64,func EmitA64Softcap() []byte
cpu,EmitDeltaGate,jit/cpu/gate.go,33,amd64,func EmitDeltaGate() []byte
cpu,EmitDeltaGate,jit/cpu/gate_a64.go,10,arm64,func EmitDeltaGate() []byte
cpu,EmitGEMMWindow,jit/cpu/gemm.go,35,amd64,"func EmitGEMMWindow(t quant.Type, mr, nr, nb, window int) ([]byte, error)"
cpu,EmitGEMMWindow,jit/cpu/gemm_arm64.go,32,arm64,"func EmitGEMMWindow(t quant.Type, mr, nr, nb, window int) ([]byte, error)"
cpu,EmitLayerNorm,jit/cpu/layernorm.go,18,amd64,"func EmitLayerNorm(n int, bias bool) []byte"
cpu,Emit,jit/cpu/matvec.go,263,all,"func Emit(s Spec) ([]byte, error)"
cpu,EmitInterleaved,jit/cpu/matvec.go,839,all,"func EmitInterleaved(t quant.Type, rows, nb int) ([]byte, error)"
cpu,EmitA64,jit/cpu/matvec_a64.go,39,all,"func EmitA64(s Spec) ([]byte, error)"
cpu,EmitNative,jit/cpu/native_amd64.go,35,amd64,"func EmitNative(s Spec) ([]byte, error)"
cpu,EmitNative,jit/cpu/native_arm64.go,22,arm64,"func EmitNative(s Spec) ([]byte, error)"
cpu,EmitRMSNorm,jit/cpu/norm.go,16,amd64,func EmitRMSNorm(n int) []byte
cpu,EmitRMSNorm,jit/cpu/norm_stub.go,7,!amd64 && !arm64,func EmitRMSNorm(int) []byte
cpu,EmitPackAct,jit/cpu/packact.go,29,amd64,"func EmitPackAct(tok int, half bool) []byte"
cpu,EmitQuantAct,jit/cpu/packact.go,43,amd64,func EmitQuantAct(half bool) []byte
cpu,EmitPackAct,jit/cpu/packact_a64.go,11,arm64,"func EmitPackAct(tok int, half bool) []byte"
cpu,EmitQuantAct,jit/cpu/packact_a64.go,115,arm64,func EmitQuantAct(half bool) []byte
cpu,EmitPackedMatVec,jit/cpu/packed.go,149,amd64,"func EmitPackedMatVec(t quant.Type, rows int, dk DotKind) ([]byte, error)"
cpu,EmitA64PackedMatVecPF,jit/cpu/packed_a64.go,42,arm64 || amd64,"func EmitA64PackedMatVecPF(t quant.Type, rows, pf int) ([]byte, error)"
cpu,EmitA64PackedMatVecFused,jit/cpu/packed_a64.go,58,arm64 || amd64,"func EmitA64PackedMatVecFused(t quant.Type, rows, ahead int) ([]byte, error)"
cpu,EmitA64PackedMatMulTiled,jit/cpu/packed_a64.go,752,arm64 || amd64,"func EmitA64PackedMatMulTiled(t quant.Type, k, nrows, tok int) ([]byte, error)"
cpu,EmitA64PackedMatVecFusedWin,jit/cpu/packed_a64.go,1232,arm64 || amd64,"func EmitA64PackedMatVecFusedWin(t quant.Type, rows, ahead, win int) ([]byte, error)"
cpu,EmitPackedMatVec,jit/cpu/packed_other.go,90,!amd64,"func EmitPackedMatVec(t quant.Type, rows int, _ DotKind) ([]byte, error)"
cpu,EmitPackedMatVecWide,jit/cpu/packed_other.go,105,!amd64,"func EmitPackedMatVecWide(t quant.Type, _ DotKind) ([]byte, error)"
cpu,EmitPackedMatVecFused,jit/cpu/packed_other.go,114,!amd64,"func EmitPackedMatVecFused(t quant.Type, _ DotKind) ([]byte, error)"
cpu,EmitPackedMatMulTiled,jit/cpu/packed_other.go,144,!amd64,"func EmitPackedMatMulTiled(t quant.Type, k, nrows, tok int, _ DotKind) ([]byte, error)"
cpu,EmitPackedMatMulStationary,jit/cpu/packed_other.go,157,!amd64,"func EmitPackedMatMulStationary(t quant.Type, k, nrows, win int, _ DotKind) ([]byte, error)"
cpu,EmitPackedMatVecFusedWin,jit/cpu/packed_other.go,163,!amd64,"func EmitPackedMatVecFusedWin(t quant.Type, win int) ([]byte, error)"
cpu,EmitPackedMatVecFusedAhead,jit/cpu/packed_other.go,167,!amd64,"func EmitPackedMatVecFusedAhead(t quant.Type, _ DotKind, ahead int) ([]byte, error)"
cpu,EmitPackedMatVecFusedWin,jit/cpu/packedfused.go,39,amd64,"func EmitPackedMatVecFusedWin(t quant.Type, _ int) ([]byte, error)"
cpu,EmitPackedMatVecFused,jit/cpu/packedfused.go,43,amd64,"func EmitPackedMatVecFused(t quant.Type, dk DotKind) ([]byte, error)"
cpu,EmitPackedMatVecFusedAhead,jit/cpu/packedfused.go,56,amd64,"func EmitPackedMatVecFusedAhead(t quant.Type, dk DotKind, ahead int) ([]byte, error)"
cpu,EmitPackedMatMulStationary,jit/cpu/packedgemm.go,76,amd64,"func EmitPackedMatMulStationary(t quant.Type, k, nrows, win int, dk DotKind) ([]byte, error)"
cpu,EmitA64PackedMatMulStationary,jit/cpu/packedgemm_a64.go,54,arm64 || amd64,"func EmitA64PackedMatMulStationary(t quant.Type, k, nrows, win int) ([]byte, error)"
cpu,EmitPackedMatMulTiled,jit/cpu/packedtiled.go,94,amd64,"func EmitPackedMatMulTiled(t quant.Type, k, nrows, tok int, dk DotKind) ([]byte, error)"
cpu,EmitPackedMatVecWide,jit/cpu/packedwide.go,41,amd64,"func EmitPackedMatVecWide(t quant.Type, dk DotKind) ([]byte, error)"
cpu,EmitQuantActNarrow,jit/cpu/quantact_narrow.go,30,amd64,func EmitQuantActNarrow(half bool) []byte
cpu,EmitQuantActNarrow,jit/cpu/quantact_narrow_other.go,15,!amd64 && !arm64,func EmitQuantActNarrow(half bool) []byte
cpu,EmitQuantActSSE,jit/cpu/quantact_owed.go,13,all,"func EmitQuantActSSE(half bool) ([]byte, error)"
cpu,EmitQuantActNarrowSSE,jit/cpu/quantact_owed.go,17,all,"func EmitQuantActNarrowSSE(half bool) ([]byte, error)"
cpu,EmitArgmaxSSE,jit/cpu/quantact_owed.go,23,all,"func EmitArgmaxSSE() ([]byte, error)"
cpu,EmitQuantActNarrow,jit/cpu/quantact_shared_a64.go,18,arm64,func EmitQuantActNarrow(half bool) []byte
cpu,EmitArgmax,jit/cpu/quantact_shared_a64.go,38,arm64,func EmitArgmax() []byte
cpu,EmitRoPE,jit/cpu/rope.go,29,amd64,"func EmitRoPE(hd, nrot int, neox bool) ([]byte, error)"
cpu,EmitRoPE,jit/cpu/rope_a64.go,13,arm64,"func EmitRoPE(hd, nrot int, neox bool) ([]byte, error)"
cpu,EmitRopeTable,jit/cpu/ropetab.go,44,amd64,"func EmitRopeTable(npairs int) ([]byte, error)"
cpu,EmitRopeTable,jit/cpu/ropetab_a64.go,28,arm64,"func EmitRopeTable(npairs int) ([]byte, error)"
cpu,EmitRopeTable,jit/cpu/ropetab_other.go,9,!amd64 && !arm64,"func EmitRopeTable(npairs int) ([]byte, error)"
cpu,EmitPackedRow,jit/cpu/rowpacked.go,28,amd64,"func EmitPackedRow(q kernels.Quant) ([]byte, error)"
cpu,EmitWiden,jit/cpu/rowpacked.go,192,amd64,func EmitWiden(bf16 bool) []byte
cpu,EmitPackedRow,jit/cpu/rowpacked_a64.go,15,arm64,"func EmitPackedRow(q kernels.Quant) ([]byte, error)"
cpu,EmitWiden,jit/cpu/rowpacked_a64.go,175,arm64,func EmitWiden(bf16 bool) []byte
cpu,EmitSampleSegMax,jit/cpu/sample.go,47,amd64,"func EmitSampleSegMax(first, idsMem bool) ([]byte, error)"
cpu,EmitSampleDraw,jit/cpu/sample.go,229,amd64,"func EmitSampleDraw() ([]byte, error)"
cpu,EmitSamplePenalty,jit/cpu/sample.go,352,amd64,"func EmitSamplePenalty() ([]byte, error)"
cpu,EmitSampleSegMax,jit/cpu/sample_a64.go,304,arm64,"func EmitSampleSegMax(first, idsMem bool) ([]byte, error)"
cpu,EmitSampleDraw,jit/cpu/sample_a64.go,308,arm64,"func EmitSampleDraw() ([]byte, error)"
cpu,EmitSamplePenalty,jit/cpu/sample_a64.go,310,arm64,"func EmitSamplePenalty() ([]byte, error)"
cpu,EmitSampleSegMax,jit/cpu/sample_other.go,9,!amd64 && !arm64,"func EmitSampleSegMax(first, idsMem bool) ([]byte, error)"
cpu,EmitSampleDraw,jit/cpu/sample_other.go,13,!amd64 && !arm64,"func EmitSampleDraw() ([]byte, error)"
cpu,EmitSamplePenalty,jit/cpu/sample_other.go,15,!amd64 && !arm64,"func EmitSamplePenalty() ([]byte, error)"
cpu,EmitSoftmax,jit/cpu/softmax.go,17,amd64,func EmitSoftmax() []byte
cpu,EmitAttnScoresSSE,jit/cpu/sse_attn.go,158,all,"func EmitAttnScoresSSE(hd, kvStride int, f16 bool) ([]byte, error)"
cpu,EmitAttnScores2SSE,jit/cpu/sse_attn.go,192,all,"func EmitAttnScores2SSE(hd, kvStride int, f16 bool) ([]byte, error)"
cpu,EmitAttnScoresTiledSSE,jit/cpu/sse_attn.go,238,all,"func EmitAttnScoresTiledSSE(hd, kvStride, qStride, scoreStride, qt int, f16 bool) ([]byte, error)"
cpu,EmitAttnAccSSE,jit/cpu/sse_attn.go,315,all,"func EmitAttnAccSSE(hd, kvStride int, f16 bool) ([]byte, error)"
cpu,EmitAttnAccIntoSSE,jit/cpu/sse_attn.go,322,all,"func EmitAttnAccIntoSSE(hd, kvStride int, f16 bool) ([]byte, error)"
cpu,EmitAttnAcc2SSE,jit/cpu/sse_attn.go,416,all,"func EmitAttnAcc2SSE(hd, kvStride int, f16 bool) ([]byte, error)"
cpu,EmitAttnAcc2IntoSSE,jit/cpu/sse_attn.go,422,all,"func EmitAttnAcc2IntoSSE(hd, kvStride int, f16 bool) ([]byte, error)"
cpu,EmitAxpySSE,jit/cpu/sse_elem.go,31,all,"func EmitAxpySSE() ([]byte, error)"
cpu,EmitScaleSSE,jit/cpu/sse_elem.go,59,all,"func EmitScaleSSE() ([]byte, error)"
cpu,EmitClampSSE,jit/cpu/sse_elem.go,79,all,"func EmitClampSSE() ([]byte, error)"
cpu,EmitSoftcapSSE,jit/cpu/sse_elem.go,109,all,"func EmitSoftcapSSE() ([]byte, error)"
cpu,EmitSoftmaxSSE,jit/cpu/sse_elem.go,155,all,"func EmitSoftmaxSSE() ([]byte, error)"
cpu,EmitActMulSSE,jit/cpu/sse_elem.go,226,all,"func EmitActMulSSE(k ActKind) ([]byte, error)"
cpu,EmitActSSE,jit/cpu/sse_elem.go,230,all,"func EmitActSSE(k ActKind) ([]byte, error)"
cpu,EmitSigmoidMulSSE,jit/cpu/sse_elem.go,234,all,"func EmitSigmoidMulSSE() ([]byte, error)"
cpu,EmitGatedDeltaSSE,jit/cpu/sse_hybrid.go,42,all,"func EmitGatedDeltaSSE(n int) ([]byte, error)"
cpu,EmitGatedDeltaChanSSE,jit/cpu/sse_hybrid.go,47,all,"func EmitGatedDeltaChanSSE(n int) ([]byte, error)"
cpu,EmitConv1dSSE,jit/cpu/sse_hybrid.go,175,all,"func EmitConv1dSSE(taps, chans int) ([]byte, error)"
cpu,EmitDeltaGateSSE,jit/cpu/sse_hybrid.go,257,all,"func EmitDeltaGateSSE() ([]byte, error)"
cpu,EmitRowMajorSSE,jit/cpu/sse_matvec.go,45,all,"func EmitRowMajorSSE(s Spec) ([]byte, error)"
cpu,EmitRMSNormSSE,jit/cpu/sse_norm.go,34,all,"func EmitRMSNormSSE(n int) ([]byte, error)"
cpu,EmitLayerNormSSE,jit/cpu/sse_norm.go,164,all,"func EmitLayerNormSSE(n int, bias bool) ([]byte, error)"
cpu,EmitRoPESSE,jit/cpu/sse_norm.go,310,all,"func EmitRoPESSE(hd, nrot int, neox bool) ([]byte, error)"
cpu,EmitPackedRowSSE,jit/cpu/sse_norm.go,411,all,"func EmitPackedRowSSE(q kernels.Quant) ([]byte, error)"
cpu,EmitWidenSSE,jit/cpu/sse_norm.go,603,all,"func EmitWidenSSE(bf16 bool) ([]byte, error)"
cpu,EmitPackedMatVecSSE,jit/cpu/sse_packed.go,329,amd64,"func EmitPackedMatVecSSE(t quant.Type, rows int) ([]byte, error)"
cpu,EmitPackedMatVecFusedSSE,jit/cpu/sse_packed.go,602,amd64,"func EmitPackedMatVecFusedSSE(t quant.Type) ([]byte, error)"
cpu,EmitPackedMatVecSSE,jit/cpu/sse_packed_other.go,19,!amd64,"func EmitPackedMatVecSSE(t quant.Type, rows int) ([]byte, error)"
cpu,EmitPackedMatVecFusedSSE,jit/cpu/sse_packed_other.go,23,!amd64,"func EmitPackedMatVecFusedSSE(t quant.Type) ([]byte, error)"
cpu,EmitPackedMatVecWideSSE,jit/cpu/sse_refuse.go,21,all,"func EmitPackedMatVecWideSSE(t quant.Type) ([]byte, error)"
cpu,EmitPackedMatMulTiledSSE,jit/cpu/sse_refuse.go,26,all,"func EmitPackedMatMulTiledSSE(t quant.Type, k, nrows, tok int) ([]byte, error)"
cpu,EmitPackedMatVecFusedAheadSSE,jit/cpu/sse_refuse.go,34,all,"func EmitPackedMatVecFusedAheadSSE(t quant.Type, ahead int) ([]byte, error)"
cpu,EmitPackedGEMMSSE,jit/cpu/sse_refuse.go,41,all,"func EmitPackedGEMMSSE(t quant.Type, k, nrows, win int) ([]byte, error)"
cpu,EmitPackedMatVecFusedWinSSE,jit/cpu/sse_refuse.go,49,all,"func EmitPackedMatVecFusedWinSSE(t quant.Type, win int) ([]byte, error)"
cpu,EmitRopeTableSSE,jit/cpu/sse_ropetab.go,19,all,"func EmitRopeTableSSE(npairs int) ([]byte, error)"
cpu,EmitSampleSegMaxSSE,jit/cpu/sse_sample.go,303,all,"func EmitSampleSegMaxSSE(first, idsMem bool) ([]byte, error)"
cpu,EmitSampleDrawSSE,jit/cpu/sse_sample.go,307,all,"func EmitSampleDrawSSE() ([]byte, error)"
cpu,EmitSamplePenaltySSE,jit/cpu/sse_sample.go,311,all,"func EmitSamplePenaltySSE() ([]byte, error)"
cpu,EmitMoETopKSSE,jit/cpu/sse_topk.go,419,all,"func EmitMoETopKSSE(n, k int, norm bool) ([]byte, error)"
cpu,EmitMoERouteSSE,jit/cpu/sse_topk.go,426,all,"func EmitMoERouteSSE(n, k int, g MoEGate) ([]byte, error)"
cpu,EmitMoETopK,jit/cpu/topk.go,48,amd64,"func EmitMoETopK(n, k int, norm bool) ([]byte, error)"
cpu,EmitMoERoute,jit/cpu/topk.go,76,amd64,"func EmitMoERoute(n, k int, g MoEGate) ([]byte, error)"
cpu,EmitMoETopK,jit/cpu/topk_a64.go,27,arm64,"func EmitMoETopK(n, k int, norm bool) ([]byte, error)"
cpu,EmitMoERoute,jit/cpu/topk_a64.go,35,arm64,"func EmitMoERoute(n, k int, g MoEGate) ([]byte, error)"
cpu,EmitMoETopK,jit/cpu/topk_other.go,9,!amd64 && !arm64,"func EmitMoETopK(n, k int, norm bool) ([]byte, error)"
cpu,EmitMoERoute,jit/cpu/topk_other.go,12,!amd64 && !arm64,"func EmitMoERoute(n, k int, g MoEGate) ([]byte, error)"
gpu,Argmax,jit/gpu/kernels/argmax.go,21,all,"func Argmax(n int) (*ir.Kernel, error)"
gpu,ArgmaxRows,jit/gpu/kernels/argmax.go,26,all,"func ArgmaxRows(n, rows int) (*ir.Kernel, error)"
gpu,RoPERows,jit/gpu/kernels/attn.go,30,all,"func RoPERows(nHeads, headDim, nRot int, neox bool, rows int) (*ir.Kernel, error)"
gpu,RoPERowsT,jit/gpu/kernels/attn.go,44,all,"func RoPERowsT(nHeads, headDim, nRot int, neox bool, rows, dstStride int) (*ir.Kernel, error)"
gpu,CopyAt,jit/gpu/kernels/attn.go,109,all,"func CopyAt(n int) (*ir.Kernel, error)"
gpu,CopyAtRows,jit/gpu/kernels/attn.go,112,all,"func CopyAtRows(n, rows int) (*ir.Kernel, error)"
gpu,CopyAtRowsT,jit/gpu/kernels/attn.go,119,all,"func CopyAtRowsT(n, rows, dstStride int) (*ir.Kernel, error)"
gpu,Restride,jit/gpu/kernels/attn.go,148,all,"func Restride(rows, cols, srcStride, dstStride int) (*ir.Kernel, error)"
gpu,CopyAtF16,jit/gpu/kernels/attn.go,172,all,"func CopyAtF16(n int) (*ir.Kernel, error)"
gpu,AttnScoresWarp,jit/gpu/kernels/attn.go,295,all,"func AttnScoresWarp(nHeads, headDim, kvDim, gqa, maxSeq int, scale float32) (*ir.Kernel, error)"
gpu,SoftmaxRows,jit/gpu/kernels/attn.go,355,all,"func SoftmaxRows(nHeads, maxSeq, lanes, rows, qt int) (*ir.Kernel, error)"
gpu,SoftmaxRowsSink,jit/gpu/kernels/attn.go,364,all,"func SoftmaxRowsSink(nHeads, maxSeq, lanes, rows, qt int, sink bool) (*ir.Kernel, error)"
gpu,AttnAccSplitF16,jit/gpu/kernels/attn.go,554,all,"func AttnAccSplitF16(nHeads, headDim, kvDim, gqa, maxSeq, split int) (*ir.Kernel, error)"
gpu,AttnAccSplit,jit/gpu/kernels/attn.go,620,all,"func AttnAccSplit(nHeads, headDim, kvDim, gqa, maxSeq, split int) (*ir.Kernel, error)"
gpu,AttnAcc,jit/gpu/kernels/attn.go,668,all,"func AttnAcc(nHeads, headDim, kvDim, gqa, maxSeq int) (*ir.Kernel, error)"
gpu,HeadNorm,jit/gpu/kernels/attn.go,710,all,"func HeadNorm(nHeads, headDim int, eps float64, lanes int) (*ir.Kernel, error)"
gpu,AttnScoresTiled,jit/gpu/kernels/attn.go,821,all,"func AttnScoresTiled(nHeads, headDim, kvDim, gqa, maxSeq int, scale float32, rows, qt, kt, kStride int) (*ir.Kernel, error)"
gpu,AttnScoresTiledW,jit/gpu/kernels/attn.go,828,all,"func AttnScoresTiledW(nHeads, headDim, kvDim, gqa, maxSeq int, scale float32, rows, qt, kt, kStride, window int) (*ir.Kernel, error)"
gpu,AttnAccTiled,jit/gpu/kernels/attn.go,932,all,"func AttnAccTiled(nHeads, headDim, kvDim, gqa, maxSeq, rows, qt int) (*ir.Kernel, error)"
gpu,HeadNormRows,jit/gpu/kernels/attn.go,993,all,"func HeadNormRows(nHeads, headDim int, eps float64, rows, lanes int) (*ir.Kernel, error)"
gpu,AttnScoresMMA,jit/gpu/kernels/attn.go,1012,all,"func AttnScoresMMA(nHeads, headDim, kvDim, gqa, maxSeq int, scale float32, rows, kStride, nt int) (*ir.Kernel, error)"
gpu,AttnScoresMMAW,jit/gpu/kernels/attn.go,1017,all,"func AttnScoresMMAW(nHeads, headDim, kvDim, gqa, maxSeq int, scale float32, rows, kStride, nt, window int) (*ir.Kernel, error)"
gpu,AttnScoresRagged,jit/gpu/kernels/attn.go,1149,all,"func AttnScoresRagged(nHeads, headDim, kvDim, gqa, maxSeq int, scale float32, rows, kt, kStride, window int) (*ir.Kernel, error)"
gpu,AttnAccRagged,jit/gpu/kernels/attn.go,1221,all,"func AttnAccRagged(nHeads, headDim, kvDim, gqa, maxSeq, rows int) (*ir.Kernel, error)"
gpu,AttnScoresMMA70,jit/gpu/kernels/attn70.go,37,all,"func AttnScoresMMA70(nHeads, headDim, kvDim, gqa, maxSeq int, scale float32, rows, kStride, mt, nt, window int) (*ir.Kernel, error)"
gpu,AttnAccMMA70,jit/gpu/kernels/attn70.go,189,all,"func AttnAccMMA70(nHeads, headDim, kvDim, gqa, maxSeq, rows, mt, nt int) (*ir.Kernel, error)"
gpu,Quantize,jit/gpu/kernels/elem.go,31,all,"func Quantize(k, window int) (*ir.Kernel, error)"
gpu,NormPart,jit/gpu/kernels/elem.go,111,all,"func NormPart(k, parts int) (*ir.Kernel, error)"
gpu,NormPartRows,jit/gpu/kernels/elem.go,117,all,"func NormPartRows(k, parts, rows int) (*ir.Kernel, error)"
gpu,NormApply,jit/gpu/kernels/elem.go,152,all,"func NormApply(k, parts int, eps float32, addOne bool) (*ir.Kernel, error)"
gpu,RMSNormRows,jit/gpu/kernels/elem.go,168,all,"func RMSNormRows(k, rows int, eps float32, addOne, add bool) (*ir.Kernel, error)"
gpu,RMSNormRowsWarp,jit/gpu/kernels/elem.go,178,all,"func RMSNormRowsWarp(k, rows int, eps float32, addOne, add bool) (*ir.Kernel, error)"
gpu,RMSNormQuantRowsWarp,jit/gpu/kernels/elem.go,183,all,"func RMSNormQuantRowsWarp(k, rows int, eps float32, addOne, add bool, window int) (*ir.Kernel, error)"
gpu,RMSNormQuantRows,jit/gpu/kernels/elem.go,198,all,"func RMSNormQuantRows(k, rows int, eps float32, addOne, add bool, window int) (*ir.Kernel, error)"
gpu,NormApplyRows,jit/gpu/kernels/elem.go,398,all,"func NormApplyRows(k, parts int, eps float32, addOne bool, rows int) (*ir.Kernel, error)"
gpu,ActMul,jit/gpu/kernels/elem.go,442,all,"func ActMul(n int, k ActKind) (*ir.Kernel, error)"
gpu,ActMulWeighted,jit/gpu/kernels/elem.go,480,all,"func ActMulWeighted(n, per int, k ActKind, indexed bool) (*ir.Kernel, error)"
gpu,ScaleRowsByCount,jit/gpu/kernels/elem.go,520,all,"func ScaleRowsByCount(rows, width, div, off, tabLen int) (*ir.Kernel, error)"
gpu,SigmoidMul,jit/gpu/kernels/elem.go,550,all,"func SigmoidMul(n int) (*ir.Kernel, error)"
gpu,Softcap,jit/gpu/kernels/elem.go,571,all,"func Softcap(n int, c float32) (*ir.Kernel, error)"
gpu,Clamp,jit/gpu/kernels/elem.go,593,all,"func Clamp(n int, c float32) (*ir.Kernel, error)"
gpu,Act,jit/gpu/kernels/elem.go,632,all,"func Act(n int, k ActKind) (*ir.Kernel, error)"
gpu,LayerNormPartRows,jit/gpu/kernels/elem.go,656,all,"func LayerNormPartRows(k, parts, rows int) (*ir.Kernel, error)"
gpu,LayerNormVarRows,jit/gpu/kernels/elem.go,688,all,"func LayerNormVarRows(k, parts, rows int) (*ir.Kernel, error)"
gpu,LayerNormApplyRows,jit/gpu/kernels/elem.go,727,all,"func LayerNormApplyRows(k, parts int, eps float32, bias bool, rows int) (*ir.Kernel, error)"
gpu,Add,jit/gpu/kernels/elem.go,788,all,"func Add(n int) (*ir.Kernel, error)"
gpu,Scale,jit/gpu/kernels/elem.go,807,all,"func Scale(n int) (*ir.Kernel, error)"
gpu,SplitHeadGate,jit/gpu/kernels/elem.go,828,all,"func SplitHeadGate(nHead, headDim, rows int) (*ir.Kernel, error)"
gpu,FlashAttention,jit/gpu/kernels/flash.go,36,all,"func FlashAttention(s FlashShape) (*ir.Kernel, error)"
gpu,FlashAttentionMerge,jit/gpu/kernels/flash.go,184,all,"func FlashAttentionMerge(s FlashShape) (*ir.Kernel, error)"
gpu,FlashPrefill70,jit/gpu/kernels/flash70.go,65,all,"func FlashPrefill70(s FlashPrefill70Shape) (*ir.Kernel, error)"
gpu,FlashDecodeKV,jit/gpu/kernels/flashkv.go,87,all,"func FlashDecodeKV(s FlashShape) (*ir.Kernel, error)"
gpu,FlashPrefillTile,jit/gpu/kernels/flashtile.go,64,all,"func FlashPrefillTile(s FlashPrefill70Shape, t FlashTile) (*ir.Kernel, error)"
gpu,GemmVolta,jit/gpu/kernels/gemm70.go,96,all,"func GemmVolta(s MatVecShape, t VoltaTile) (*ir.Kernel, error)"
gpu,GemmTile,jit/gpu/kernels/gemmtile.go,73,all,"func GemmTile(s MatVecShape, t TileGemm) (*ir.Kernel, error)"
gpu,GetRowsPacked,jit/gpu/kernels/getrows.go,26,all,"func GetRowsPacked(q Quant, nrows, k, ntok int, scale float32) (*ir.Kernel, error)"
gpu,CopySpan,jit/gpu/kernels/getrows.go,186,all,"func CopySpan(n int) (*ir.Kernel, error)"
gpu,MatVec,jit/gpu/kernels/matvec.go,323,all,"func MatVec(s MatVecShape) (*ir.Kernel, error)"
gpu,MatVecSegments,jit/gpu/kernels/matvec.go,1173,all,"func MatVecSegments(segs []MatVecShape, split int, grp bool) (*ir.Kernel, error)"
gpu,Reduce,jit/gpu/kernels/matvec.go,1257,all,"func Reduce(rows, split int) (*ir.Kernel, error)"
gpu,StreamWide,jit/gpu/kernels/matvec.go,1290,all,"func StreamWide(per, w int) (*ir.Kernel, error)"
gpu,StreamWideSpread,jit/gpu/kernels/matvec.go,1292,all,"func StreamWideSpread(per, w, spread int) (*ir.Kernel, error)"
gpu,MMAProbe,jit/gpu/kernels/mma.go,19,all,"func MMAProbe(sh ir.MMAShape) (*ir.Kernel, error)"
gpu,MatVecMMA,jit/gpu/kernels/mma.go,95,all,"func MatVecMMA(s MatVecShape) (*ir.Kernel, error)"
gpu,MMAVoltaProbe,jit/gpu/kernels/mma70.go,57,all,func MMAVoltaProbe() *ir.Kernel
gpu,ActF16,jit/gpu/kernels/mma70.go,125,all,"func ActF16(q Quant, ntok, k int) (*ir.Kernel, error)"
gpu,ActF16T,jit/gpu/kernels/mma70.go,167,all,"func ActF16T(q Quant, ntok, k int) (*ir.Kernel, error)"
gpu,ActF16TGather,jit/gpu/kernels/mma70.go,208,all,"func ActF16TGather(q Quant, ntok, k, nsrc int) (*ir.Kernel, error)"
gpu,MatVecMMA70,jit/gpu/kernels/mma70.go,262,all,"func MatVecMMA70(s MatVecShape) (*ir.Kernel, error)"
gpu,ExpertGroupScore,jit/gpu/kernels/moe.go,125,all,"func ExpertGroupScore(r MoERoute) (*ir.Kernel, error)"
gpu,ExpertGroupMask,jit/gpu/kernels/moe.go,186,all,"func ExpertGroupMask(r MoERoute) (*ir.Kernel, error)"
gpu,ExpertRank,jit/gpu/kernels/moe.go,252,all,"func ExpertRank(r MoERoute) (*ir.Kernel, error)"
gpu,ExpertWeights,jit/gpu/kernels/moe.go,340,all,"func ExpertWeights(r MoERoute) (*ir.Kernel, error)"
gpu,ExpertRoute,jit/gpu/kernels/moe.go,494,all,"func ExpertRoute(r MoERoute) (*ir.Kernel, error)"
gpu,ExpertRouteWarp,jit/gpu/kernels/moe.go,604,all,"func ExpertRouteWarp(r MoERoute) (*ir.Kernel, error)"
gpu,ExpertCombine,jit/gpu/kernels/moe.go,725,all,"func ExpertCombine(n, slots int) (*ir.Kernel, error)"
gpu,RouterMatVecOf,jit/gpu/kernels/moe.go,764,all,"func RouterMatVecOf(rows, k int, f16 bool) (*ir.Kernel, error)"
gpu,RouterMatVecTok,jit/gpu/kernels/moe.go,768,all,"func RouterMatVecTok(rows, k, ntok int, f16 bool) (*ir.Kernel, error)"
gpu,SharedRouterLogits,jit/gpu/kernels/moe.go,867,all,"func SharedRouterLogits(rows, k int) (*ir.Kernel, error)"
gpu,SharedExpertAdd,jit/gpu/kernels/moe.go,888,all,"func SharedExpertAdd(n, rows int) (*ir.Kernel, error)"
gpu,IndexedBiasAdd,jit/gpu/kernels/moe.go,914,all,"func IndexedBiasAdd(k, rows int) (*ir.Kernel, error)"
gpu,GatherRows,jit/gpu/kernels/moegroup.go,18,all,"func GatherRows(n, p, nsrc int) (*ir.Kernel, error)"
gpu,ExpertCombineGrouped,jit/gpu/kernels/moegroup.go,41,all,"func ExpertCombineGrouped(n, k, rows int) (*ir.Kernel, error)"
gpu,ExpertGroupBlockCount,jit/gpu/kernels/moesort.go,74,all,"func ExpertGroupBlockCount(rows, k, nExp int) (*ir.Kernel, error)"
gpu,ExpertGroupCount,jit/gpu/kernels/moesort.go,104,all,"func ExpertGroupCount(rows, k, nExp int) (*ir.Kernel, error)"
gpu,ExpertGroupEnds,jit/gpu/kernels/moesort.go,136,all,"func ExpertGroupEnds(nExp, unit int) (*ir.Kernel, error)"
gpu,ExpertGroupColumns,jit/gpu/kernels/moesort.go,175,all,"func ExpertGroupColumns(rows, nExp, np int, pair bool) (*ir.Kernel, error)"
gpu,ExpertGroupScatter,jit/gpu/kernels/moesort.go,206,all,"func ExpertGroupScatter(rows, k, nExp, unit int, pair bool) (*ir.Kernel, error)"
gpu,ExpertGroupTiles,jit/gpu/kernels/moesort.go,249,all,"func ExpertGroupTiles(nExp, nt, u int) (*ir.Kernel, error)"
gpu,Conv1dRows,jit/gpu/kernels/recurrent.go,31,all,"func Conv1dRows(taps, chans, rows int) (*ir.Kernel, error)"
gpu,Conv1dShift,jit/gpu/kernels/recurrent.go,74,all,"func Conv1dShift(taps, chans, rows int) (*ir.Kernel, error)"
gpu,Conv1dRowsInd,jit/gpu/kernels/recurrent.go,109,all,"func Conv1dRowsInd(taps, chans, rows int) (*ir.Kernel, error)"
gpu,Conv1dShiftInd,jit/gpu/kernels/recurrent.go,138,all,"func Conv1dShiftInd(taps, chans, rows int) (*ir.Kernel, error)"
gpu,GatedDeltaStep,jit/gpu/kernels/recurrent.go,177,all,"func GatedDeltaStep(vHeads, vDim, kDim, rep int) (*ir.Kernel, error)"
gpu,GatedDeltaStepTiled,jit/gpu/kernels/recurrent.go,185,all,"func GatedDeltaStepTiled(vHeads, vDim, kDim, kHeads int) (*ir.Kernel, error)"
gpu,GatedDeltaStepChan,jit/gpu/kernels/recurrent.go,200,all,"func GatedDeltaStepChan(vHeads, vDim, kDim, rep int) (*ir.Kernel, error)"
gpu,DeltaGateRows,jit/gpu/kernels/recurrent.go,309,all,"func DeltaGateRows(heads, rows int) (*ir.Kernel, error)"
gpu,SplitDeltaGatesRows,jit/gpu/kernels/recurrent.go,372,all,"func SplitDeltaGatesRows(kHeads, rep, rows int) (*ir.Kernel, error)"
gpu,SliceRows,jit/gpu/kernels/recurrent.go,400,all,"func SliceRows(n, stride, off, rows int) (*ir.Kernel, error)"
gpu,GatedDeltaScan,jit/gpu/kernels/recurrent.go,484,all,"func GatedDeltaScan(d DeltaScan) (*ir.Kernel, error)"
gpu,GatedDeltaFused,jit/gpu/kernels/recurrent.go,518,all,"func GatedDeltaFused(d DeltaScan, f DeltaFuse) (*ir.Kernel, error)"
gpu,RopeTable,jit/gpu/kernels/ropetab.go,32,all,"func RopeTable(npairs, rows int) (*ir.Kernel, error)"
gpu,TileProbe,jit/gpu/kernels/tile.go,21,all,"func TileProbe(m, n, k, chain int, elem ir.TileElem) (*ir.Kernel, error)"
gpu,Unpack,jit/gpu/kernels/unpack.go,33,all,"func Unpack(t Quant, nrows, k int) (*ir.Kernel, error)"
